{"cases":{"Blekinge":609.0,"Dalarna":2153.0,"Gotland":318.0,"G\u00e4vleborg":3200.0,"Halland":2152.0,"J\u00e4mtland":1189.0,"J\u00f6nk\u00f6ping":4951.0,"Kalmar":886.0,"Kronoberg":1407.0,"Norrbotten":1664.0,"Sk\u00e5ne":4802.0,"Stockholm":23053.0,"S\u00f6dermanland":2429.0,"Uppsala":3777.0,"V\u00e4rmland":1180.0,"V\u00e4sterbotten":866.0,"V\u00e4sternorrland":1853.0,"V\u00e4stmanland":2741.0,"V\u00e4straG\u00f6taland":18820.0,"\u00d6rebro":2659.0,"\u00d6sterg\u00f6tland":3812.0,"Sverige":84521.0},"Fall_per_100000_inv":{"Blekinge":381.5646057129,"Dalarna":747.6577148438,"Gotland":532.788269043,"G\u00e4vleborg":1113.5004882812,"Halland":644.6047363281,"J\u00e4mtland":908.9519042969,"J\u00f6nk\u00f6ping":1361.6649169922,"Kalmar":360.9755249023,"Kronoberg":698.3704833984,"Norrbotten":665.3524780273,"Sk\u00e5ne":348.5198059082,"Stockholm":969.8028564453,"S\u00f6dermanland":816.3608398438,"Uppsala":984.3294067383,"V\u00e4rmland":417.8263244629,"V\u00e4sterbotten":318.6916809082,"V\u00e4sternorrland":755.2568359375,"V\u00e4stmanland":993.6740112305,"V\u00e4straG\u00f6taland":1090.4575195312,"\u00d6rebro":872.3610229492,"\u00d6sterg\u00f6tland":818.9132080078,"Sverige":15801.6246337891},"icu":{"Blekinge":9.0,"Dalarna":67.0,"Gotland":7.0,"G\u00e4vleborg":71.0,"Halland":38.0,"J\u00e4mtland":20.0,"J\u00f6nk\u00f6ping":95.0,"Kalmar":31.0,"Kronoberg":24.0,"Norrbotten":60.0,"Sk\u00e5ne":119.0,"Stockholm":926.0,"S\u00f6dermanland":133.0,"Uppsala":156.0,"V\u00e4rmland":33.0,"V\u00e4sterbotten":34.0,"V\u00e4sternorrland":51.0,"V\u00e4stmanland":55.0,"V\u00e4straG\u00f6taland":449.0,"\u00d6rebro":83.0,"\u00d6sterg\u00f6tland":108.0,"Sverige":2569.0},"dead":{"Blekinge":16.0,"Dalarna":174.0,"Gotland":6.0,"G\u00e4vleborg":163.0,"Halland":81.0,"J\u00e4mtland":64.0,"J\u00f6nk\u00f6ping":181.0,"Kalmar":63.0,"Kronoberg":108.0,"Norrbotten":88.0,"Sk\u00e5ne":270.0,"Stockholm":2398.0,"S\u00f6dermanland":253.0,"Uppsala":242.0,"V\u00e4rmland":73.0,"V\u00e4sterbotten":31.0,"V\u00e4sternorrland":133.0,"V\u00e4stmanland":183.0,"V\u00e4straG\u00f6taland":852.0,"\u00d6rebro":171.0,"\u00d6sterg\u00f6tland":263.0,"Sverige":5813.0}}